File Name,Collection Name#1,Work ID#1,Work Refid#1,Work Refid#2,Work Type#1,Work Type Vocab#1,Work Type Refid#1,Work Type#2,Work Type Vocab#2,Work Type Refid#2,Work Title#1,Work Title Type#1,Work Title Source#1,Work Agent Name#1,Work Agent Name Type#1,Work Agent Role#1,Work Agent Role Vocab#1,Work Agent Role Refid#1,Work Agent Name#2,Work Agent Name Type#2,Work Agent Role#2,Work Agent Role Vocab#2,Work Agent Role Refid#2,Work Date#1,Earliest Date#1,Latest Date#1,Work Date Type#1,Creation Date#1,Discovery Date#1,Work Date#2,Earliest Date#2,Latest Date#2,Work Date Type#2,Creation Date#2,Discovery Date#2,Subject Term#1,Subject Type#1,Subject Vocab#1,Subject Refid#1,Location Name#1,Location Type#1,Location Refid#1,Location Refid Type#1,Repository Location Name#1,Material#1,Material Type#1,Material Vocab#1,Material Refid#1,Material#2,Material Type#2,Material Vocab#2,Material Refid#2,Material#3,Material Type#3,Material Vocab#3,Material Refid#3,Technique#1,Technique Vocab#1,Technique Refid#1,Style Period#1,Cultural Context#1,Cultural Context Vocab#1,Cultural Context Refid#1,Work Description#1,Relation#1,Relation Type#1,Relation Relids#1,Relation href#1,Image Rights,Image Source Name#1,Image Agent Name#1,Image Agent Name Type#1,Image Agent Role#1,Image Work Type#1,Earliest Era Or Lowest Erathem#1,Latest Era Or Highest Erathem#1,Earliest Period Or Lowest System#1,Latest Period Or Highest System#1,Earliest Epoch Or Lowest Series#1,Latest Epoch Or Highest Series#1,Earliest Age Or Lowest Stage#1,Latest Age Or Highest Stage#1,Lithostratigraphic Terms#1,Lithostratigraphic Terms#2,Age#2,Lithostratigraphic Terms#3,Age#3,Scientific Name#1,Accepted Usage Name#1,Higher Classification#1,ln_RECORDID,ln_RECORD_BATCHID,lnexp_MEDIAFILENAME
musm_natHist_a_22061,The 3D Natural History Digital Collection,22061,655,,figures (representations),aat,300189808,,,,figure,descriptive,University of Colorado Boulder Museum of Natural History,,,,,,,,,,,,,,,,,,,,,,,Anthropology,descriptiveTopic,lcsh,sh 85005581,"Blanco, NM, Pompa Canyon",discovery,,,University of Colorado Boulder Museum of Natural History,clay,medium,aat,300010439,,,,,,,,,,,,,Ancestral Puebloan,aat,300016954,Clay animal figure. Roughly-made quadruped (cow or bear?) animal.,3D print file of figure,relatedTo,musm_natHist_a_22061.stl,<a href='http://ucblibraries.colorado.edu/systems/digitalinitiatives/print/musm_natHist_a_22061.stl'>Download 3D print file</a>,"The copyright and related rights status of this Item has been reviewed by the organization that has made the Item available, but the organization was unable to make a conclusive determination as to the copyright status of the Item. Please refer to the organization that has made the Item available for more information. You are free to use this Item in any way that is permitted by the copyright and related rights legislation that applies to your use. http://rightsstatements.org/vocab/UND/1.0/",,"Mulcrone, Patrick",personal,scanning technician,digital image,,,,,,,,,,,,,,,,,1095012,,musm_natHist_a_22061.jpg|musm_natHist_a_22061.jpg
musm_natHist_a_4256,The 3D Natural History Digital Collection,4256,30/269,,knives,aat,300024668,,,,knife,descriptive,University of Colorado Boulder Museum of Natural History,,,,,,,,,,,1930,,,discovery,,1930,,,,,,,Anthropology,descriptiveTopic,lcsh,sh 85005581,"NM, Mimbres Valley, McSherry Ruin",discovery,LA15050,other (site number),University of Colorado Boulder Museum of Natural History,,,,,,,,,,,,,,,,Pueblo III 1150-1300 CE,Ancestral Puebloan,aat,300016954,Hafted knife (tcamahia).,,,,,"The copyright and related rights status of this Item has been reviewed by the organization that has made the Item available, but the organization was unable to make a conclusive determination as to the copyright status of the Item. Please refer to the organization that has made the Item available for more information. You are free to use this Item in any way that is permitted by the copyright and related rights legislation that applies to your use. http://rightsstatements.org/vocab/UND/1.0/",,"Mulcrone, Patrick",personal,scanning technician,digital image,,,,,,,,,,,,,,,,,1094618,,musm_natHist_a_04256.jpg|musm_natHist_a_04256.jpg
musm_natHist_a_8507,The 3D Natural History Digital Collection,8507,40-2961,,game pieces (game elements),aat,300211102,,,,"piece, game",descriptive,University of Colorado Boulder Museum of Natural History,,,,,,,,,,,4/23/1905,,,discovery,,,,,,,,4/23/1905,Anthropology,descriptiveTopic,lcsh,sh 85005581,"La Plata County, CO, Falls Creek, Talus Slope Village",discovery,05LP4223,other (site number),University of Colorado Boulder Museum of Natural History,bone (material),medium,aat,300011798,,,,,,,,,,,,Basketmaker II 1-500 CE,Ancestral Puebloan,aat,300016954,Gaming piece made of worked animal bone.,,,,,"The copyright and related rights status of this Item has been reviewed by the organization that has made the Item available, but the organization was unable to make a conclusive determination as to the copyright status of the Item. Please refer to the organization that has made the Item available for more information. You are free to use this Item in any way that is permitted by the copyright and related rights legislation that applies to your use. http://rightsstatements.org/vocab/UND/1.0/",,"Mulcrone, Patrick",personal,scanning technician,digital image,,,,,,,,,,,,,,,,,1094908,,musm_natHist_a_08507.jpg|musm_natHist_a_08507.jpg
musm_natHist_a_3026,The 3D Natural History Digital Collection,3026,M197,,sandals,aat,300046077,,,,sandal,descriptive,University of Colorado Boulder Museum of Natural History,,,,,,,,,,,1925,,,discovery,,1925,,,,,,,Anthropology,descriptiveTopic,lcsh,sh 85005581,"Montezuma County, CO, McElmo Canyon",discovery,,,University of Colorado Boulder Museum of Natural History,,,,,,,,,,,,,weaving,aat,300053642,,Ancestral Puebloan,aat,300016954,Pair of woven sandals with insoles and straps.,,,,,"The copyright and related rights status of this Item has been reviewed by the organization that has made the Item available, but the organization was unable to make a conclusive determination as to the copyright status of the Item. Please refer to the organization that has made the Item available for more information. You are free to use this Item in any way that is permitted by the copyright and related rights legislation that applies to your use. http://rightsstatements.org/vocab/UND/1.0/",,"Mulcrone, Patrick",personal,scanning technician,digital image,,,,,,,,,,,,,,,,,1094577,,
musm_natHist_a_813,The 3D Natural History Digital Collection,813,,,,,,,,,slab,descriptive,University of Colorado Boulder Museum of Natural History,,,,,,,,,,,1917,,,discovery,,1917,,,,,,,Anthropology,descriptiveTopic,lcsh,sh 85005581,"Montezuma County, CO, Eagle Nest House",discovery,05MT2154,other (locality number),University of Colorado Boulder Museum of Natural History,sandstone,medium,aat,300011376,,,,,,,,,,,,Pueblo III 1150-1300 CE,Ancestral Puebloan,aat,300016954,"Sandstone slab, possible sandal-last.",,,,,"The copyright and related rights status of this Item has been reviewed by the organization that has made the Item available, but the organization was unable to make a conclusive determination as to the copyright status of the Item. Please refer to the organization that has made the Item available for more information. You are free to use this Item in any way that is permitted by the copyright and related rights legislation that applies to your use. http://rightsstatements.org/vocab/UND/1.0/",,"Mulcrone, Patrick",personal,scanning technician,digital image,,,,,,,,,,,,,,,,,1094564,,musm_natHist_a_0813.jpg
musm_natHist_a_22038,The 3D Natural History Digital Collection,22038,450,,canteens (vessels),aat,300221011,,,,canteen,descriptive,University of Colorado Boulder Museum of Natural History,,,,,,,,,,,,,,,,,,,,,,,Anthropology,descriptiveTopic,lcsh,sh 85005581,"Blanco, NM, Pompa Canyon",discovery,,,University of Colorado Boulder Museum of Natural History,gourd,medium,aat,300011870,string (fiber product),medium,aat,300014249,net (textile),medium,aat,300249438,netting (process),aat,300053637,,Ancestral Puebloan,aat,300016954,"Gourd canteen with string netting. Light tan gourd. End portion of stem has been cut off to form the opening. Painted with brown zig-zag lines which decorate the gourd vertically. A thick string netting encompasses the bulbous portion of the gourd. Handle is formed by the string. At the top of the netting, there are four tied bundles of 2 short twigs each.",3D print file of canteen,relatedTo,musm_natHist_a_22038.stl,<a href='http://ucblibraries.colorado.edu/systems/digitalinitiatives/print/musm_natHist_a_22038.stl'>Download 3D print file</a>,"The copyright and related rights status of this Item has been reviewed by the organization that has made the Item available, but the organization was unable to make a conclusive determination as to the copyright status of the Item. Please refer to the organization that has made the Item available for more information. You are free to use this Item in any way that is permitted by the copyright and related rights legislation that applies to your use. http://rightsstatements.org/vocab/UND/1.0/",,"Mulcrone, Patrick",personal,scanning technician,digital image,,,,,,,,,,,,,,,,,1094997,,
musm_natHist_a_10295,The 3D Natural History Digital Collection,10295,,,scrapers (finishing tools),aat,300024836,,,,scraper,descriptive,University of Colorado Boulder Museum of Natural History,,,,,,,,,,,,,,,,,,,,,,,Anthropology,descriptiveTopic,lcsh,sh 85005581,,,,,University of Colorado Boulder Museum of Natural History,bone (material),medium,aat,300011798,,,,,,,,,,,,,Ancestral Puebloan,aat,300016954,Three bone scrapers made of deer humeri.,,,,,"The copyright and related rights status of this Item has been reviewed by the organization that has made the Item available, but the organization was unable to make a conclusive determination as to the copyright status of the Item. Please refer to the organization that has made the Item available for more information. You are free to use this Item in any way that is permitted by the copyright and related rights legislation that applies to your use. http://rightsstatements.org/vocab/UND/1.0/",,"Mulcrone, Patrick",personal,scanning technician,digital image,,,,,,,,,,,,,,,,,1094957,,musm_natHist_a_10295.jpg
musm_natHist_a_TIN0576,The 3D Natural History Digital Collection,TIN-0576,,,,,,,,,"rest, pot",descriptive,University of Colorado Boulder Museum of Natural History,,,,,,,,,,,,,,,,,,,,,,,Anthropology,descriptiveTopic,lcsh,sh 85005581,,,,,University of Colorado Boulder Museum of Natural History,,,,,,,,,,,,,,,,,Ancestral Puebloan,aat,300016954,"Circular pot rest made of plant matter, mostly twigs. It is held together by a fiber string wrapped around the twigs.",,,,,"The copyright and related rights status of this Item has been reviewed by the organization that has made the Item available, but the organization was unable to make a conclusive determination as to the copyright status of the Item. Please refer to the organization that has made the Item available for more information. You are free to use this Item in any way that is permitted by the copyright and related rights legislation that applies to your use. http://rightsstatements.org/vocab/UND/1.0/",,"Mulcrone, Patrick",personal,scanning technician,digital image,,,,,,,,,,,,,,,,,1095050,,
musm_natHist_a_TIN0577,The 3D Natural History Digital Collection,TIN-0577,#65 Morris,#82,sandals,aat,300046077,,,,sandal,descriptive,University of Colorado Boulder Museum of Natural History,,,,,,,,,,,,,,,,,,,,,,,Anthropology,descriptiveTopic,lcsh,sh 85005581,,,,,University of Colorado Boulder Museum of Natural History,plant fiber,medium,aat,300014031,,,,,,,,,weaving,aat,300053642,,Ancestral Puebloan,aat,300016954,"Sandal woven from yucca fiber, with straps, worn through at the heel.",,,,,"The copyright and related rights status of this Item has been reviewed by the organization that has made the Item available, but the organization was unable to make a conclusive determination as to the copyright status of the Item. Please refer to the organization that has made the Item available for more information. You are free to use this Item in any way that is permitted by the copyright and related rights legislation that applies to your use. http://rightsstatements.org/vocab/UND/1.0/",,"Mulcrone, Patrick",personal,scanning technician,digital image,,,,,,,,,,,,,,,,,1095059,,
musm_natHist_a_10201,The 3D Natural History Digital Collection,10201,,,projectile points,aat,300024860,,,,"point, projectile",descriptive,University of Colorado Boulder Museum of Natural History,,,,,,,,,,,,,,,,,,,,,,,Anthropology,descriptiveTopic,lcsh,sh 85005581,"La Plata County, CO, Falls Creek, Talus Slope Village",discovery,05LP4223,other (site number),University of Colorado Boulder Museum of Natural History,,,,,,,,,,,,,,,,,Ancestral Puebloan,aat,300016954,One lot of projectile points.,"3D print file of point, projectile",relatedTo,musm_natHist_a_10201s.stl,<a href='http://ucblibraries.colorado.edu/systems/digitalinitiatives/print/musm_natHist_a_10201s.stl'>Download 3D print file</a>,"The copyright and related rights status of this Item has been reviewed by the organization that has made the Item available, but the organization was unable to make a conclusive determination as to the copyright status of the Item. Please refer to the organization that has made the Item available for more information. You are free to use this Item in any way that is permitted by the copyright and related rights legislation that applies to your use. http://rightsstatements.org/vocab/UND/1.0/",,"Mulcrone, Patrick",personal,scanning technician,digital image,,,,,,,,,,,,,,,,,1094923,,
musm_natHist_a_8470,The 3D Natural History Digital Collection,8470,40-2371,,game pieces (game elements),aat,300211101,,,,"piece, game",descriptive,University of Colorado Boulder Museum of Natural History,,,,,,,,,,,4/23/1905,,,discovery,,,,,,,,4/23/1905,Anthropology,descriptiveTopic,lcsh,sh 85005581,"Silver City, NM",discovery,,,University of Colorado Boulder Museum of Natural History,bone (material),medium,aat,300011798,,,,,,,,,,,,Basketmaker II 1-500 CE,Ancestral Puebloan,aat,300016954,Gaming piece made of worked animal bone.,"3D print file of piece, game",relatedTo,musm_natHist_a_08470.stl,,"The copyright and related rights status of this Item has been reviewed by the organization that has made the Item available, but the organization was unable to make a conclusive determination as to the copyright status of the Item. Please refer to the organization that has made the Item available for more information. You are free to use this Item in any way that is permitted by the copyright and related rights legislation that applies to your use. http://rightsstatements.org/vocab/UND/1.0/",,"Mulcrone, Patrick",personal,scanning technician,digital image,,,,,,,,,,,,,,,,,1094893,,musm_natHist_a_08470.jpg|musm_natHist_a_08470.jpg
musm_natHist_a_22066,The 3D Natural History Digital Collection,22066,855,,axes (tools),aat,300024664,,,,ax,descriptive,University of Colorado Boulder Museum of Natural History,,,,,,,,,,,,,,,,,,,,,,,Anthropology,descriptiveTopic,lcsh,sh 85005581,"Taos, NM, found with 24 other figures in a bol in a Pueblo ruin north of Taos",discovery,,,University of Colorado Boulder Museum of Natural History,stone (worked rock),medium,aat,300011176,,,,,,,,,grooving,,300230271,,Ancestral Puebloan,aat,300016954,Black stone ax head with groove for hafting to handle.,,,,,"The copyright and related rights status of this Item has been reviewed by the organization that has made the Item available, but the organization was unable to make a conclusive determination as to the copyright status of the Item. Please refer to the organization that has made the Item available for more information. You are free to use this Item in any way that is permitted by the copyright and related rights legislation that applies to your use. http://rightsstatements.org/vocab/UND/1.0/",,"Mulcrone, Patrick",personal,scanning technician,digital image,,,,,,,,,,,,,,,,,1095024,,musm_natHist_a_22066.jpg|musm_natHist_a_22066.jpg
musm_natHist_a_214,The 3D Natural History Digital Collection,214,,,torches (lighting devices),aat,300037652,,,,torch,descriptive,University of Colorado Boulder Museum of Natural History,,,,,,,,,,,1914,,,discovery,,1914,,,,,,,Anthropology,descriptiveTopic,lcsh,sh 85005581,,,,,University of Colorado Boulder Museum of Natural History,cedar (wood),medium,aat,300012514,bark (plant material),medium,aat,300011860,,,,,,,,Pueblo II 900-1150 CE,Ancestral Puebloan,aat,300016954,Cedar bark torch.,,,,,"The copyright and related rights status of this Item has been reviewed by the organization that has made the Item available, but the organization was unable to make a conclusive determination as to the copyright status of the Item. Please refer to the organization that has made the Item available for more information. You are free to use this Item in any way that is permitted by the copyright and related rights legislation that applies to your use. http://rightsstatements.org/vocab/UND/1.0/",,"Mulcrone, Patrick",personal,scanning technician,digital image,,,,,,,,,,,,,,,,,1094550,,
musm_natHist_a_TIN0575,The 3D Natural History Digital Collection,TIN-0575,,,sandals,aat,300046077,,,,sandal,descriptive,University of Colorado Boulder Museum of Natural History,,,,,,,,,,,,,,,,,,,,,,,Anthropology,descriptiveTopic,lcsh,sh 85005581,"Coyote, NM",,,,University of Colorado Boulder Museum of Natural History,plant fiber,medium,aat,300014031,,,,,,,,,weaving,aat,300053642,,Ancestral Puebloan,aat,300016954,"Pair of sandals with no straps. Wear is evident on the soles, but there are no wear holes. The sandals are made of woven yucca fiber.",,,,,"The copyright and related rights status of this Item has been reviewed by the organization that has made the Item available, but the organization was unable to make a conclusive determination as to the copyright status of the Item. Please refer to the organization that has made the Item available for more information. You are free to use this Item in any way that is permitted by the copyright and related rights legislation that applies to your use. http://rightsstatements.org/vocab/UND/1.0/",,"Mulcrone, Patrick",personal,scanning technician,digital image,,,,,,,,,,,,,,,,,1095037,,musm_natHist_a_tin_0575l.jpg|musm_natHist_a_tin_0575l.jpg
musm_natHist_a_22062,The 3D Natural History Digital Collection,22062,654,,figures (representations),aat,300189808,,,,figure,descriptive,University of Colorado Boulder Museum of Natural History,,,,,,,,,,,,,,,,,,,,,,,Anthropology,descriptiveTopic,lcsh,sh 85005581,"Blanco, NM, Pompa Canyon",discovery,,,University of Colorado Boulder Museum of Natural History,clay,medium,aat,300010439,,,,,,,,,,,,,Ancestral Puebloan,aat,300016954,Clay animal figure. Quadruped with punctate eyes. One side is irregular and bumpy.,3D print file of figure,relatedTo,musm_natHist_a_22062.stl,<a href='http://ucblibraries.colorado.edu/systems/digitalinitiatives/print/musm_natHist_a_22062.stl'>Download 3D print file</a>,"The copyright and related rights status of this Item has been reviewed by the organization that has made the Item available, but the organization was unable to make a conclusive determination as to the copyright status of the Item. Please refer to the organization that has made the Item available for more information. You are free to use this Item in any way that is permitted by the copyright and related rights legislation that applies to your use. http://rightsstatements.org/vocab/UND/1.0/",,"Mulcrone, Patrick",personal,scanning technician,digital image,,,,,,,,,,,,,,,,,1095097,,musm_natHist_a_22062.jpg|musm_natHist_a_22062.jpg
musm_natHist_a_22037,The 3D Natural History Digital Collection,22037,449,,canteens (vessels),aat,300221010,,,,canteen,descriptive,University of Colorado Boulder Museum of Natural History,,,,,,,,,,,,,,,,,,,,,,,Anthropology,descriptiveTopic,lcsh,sh 85005581,"Moffat County, CO, Castle Park, Yampa Canyon, Mantle's Cave",discovery,05MF0001,other (site number),University of Colorado Boulder Museum of Natural History,gourd,medium,aat,300011870,string (fiber product),medium,aat,300014249,net (textile),medium,aat,300249438,netting (process),aat,300053637,,Ancestral Puebloan,aat,300016954,"Gourd canteen with string netting around it. The tip of the stem has been cut forming the opening. The bulbous portion of the gourd is held with a wide netted frame of twisted string. At the top of the netting are four little tied bundles, each with two small pieces of wood.",,,,,"The copyright and related rights status of this Item has been reviewed by the organization that has made the Item available, but the organization was unable to make a conclusive determination as to the copyright status of the Item. Please refer to the organization that has made the Item available for more information. You are free to use this Item in any way that is permitted by the copyright and related rights legislation that applies to your use. http://rightsstatements.org/vocab/UND/1.0/",,"Mulcrone, Patrick",personal,scanning technician,digital image,,,,,,,,,,,,,,,,,1094982,,
musm_natHist_a_6000,The 3D Natural History Digital Collection,6000,A313d,,baskets (containers),aat,300194498,,,,basket fragment,descriptive,University of Colorado Boulder Museum of Natural History,,,,,,,,,,,0600/1300,600,1300,creation,600-1300 CE,2/1/1940,2/1/1940,,,discovery,,,Anthropology,descriptiveTopic,lcsh,sh 85005581,"Moffat County, CO, Castle Park, Yampa Canyon, Mantle's Cave",discovery,05MF0001,other (site number),University of Colorado Boulder Museum of Natural History,,,,,,,,,,,,,basketmaking,aat,300053590,,Fremont,aat,300016927,Coiled basket fragment. This object is possibly a basket lid that may go with UCM 5999.,,,,,"The copyright and related rights status of this Item has been reviewed by the organization that has made the Item available, but the organization was unable to make a conclusive determination as to the copyright status of the Item. Please refer to the organization that has made the Item available for more information. You are free to use this Item in any way that is permitted by the copyright and related rights legislation that applies to your use. http://rightsstatements.org/vocab/UND/1.0/",,"Mulcrone, Patrick",personal,scanning technician,digital image,,,,,,,,,,,,,,,,,1094755,,musm_natHist_a_0600.jpg|musm_natHist_a_0600.jpg
musm_natHist_a_6225,The 3D Natural History Digital Collection,6225,A274a,A274b,corncob,aat,300248326,,,,corn,descriptive,University of Colorado Boulder Museum of Natural History,,,,,,,,,,,0600/1300,600,1300,creation,600-1300 CE,2/17/1940,2/17/1940,,,discovery,,,Anthropology,descriptiveTopic,lcsh,sh 85005581,"Moffat County, CO, Castle Park, Yampa Canyon, Mantle's Cave",discovery,05MF0001,other (site number),University of Colorado Boulder Museum of Natural History,corn (seed),medium,aat,300011903,,,,,,,,,,,,,Fremont,aat,300016927,Two ears of corn that are attached by a stick running through the center.,,,,,"The copyright and related rights status of this Item has been reviewed by the organization that has made the Item available, but the organization was unable to make a conclusive determination as to the copyright status of the Item. Please refer to the organization that has made the Item available for more information. You are free to use this Item in any way that is permitted by the copyright and related rights legislation that applies to your use. http://rightsstatements.org/vocab/UND/1.0/",,"Mulcrone, Patrick",personal,scanning technician,digital image,,,,,,,,,,,,,,,,,1094849,,
musm_natHist_a_5754,The 3D Natural History Digital Collection,5754,A302,,tools,aat,300024841,,,,bone tool,descriptive,University of Colorado Boulder Museum of Natural History,,,,,,,,,,,0600/1300,600,1300,creation,600-1300 CE,2/26/1940,2/26/1940,,,discovery,,,Anthropology,descriptiveTopic,lcsh,sh 85005581,"Moffat County, CO, Castle Park, Yampa Canyon, Mantle's Cave",discovery,05MF0001,other (site number),University of Colorado Boulder Museum of Natural History,bone (material),medium,aat,300011798,,,,,,,,,,,,,Fremont,aat,300016927,Notched scapula tool. Scapula appears to be diseased.,,,,,"The copyright and related rights status of this Item has been reviewed by the organization that has made the Item available, but the organization was unable to make a conclusive determination as to the copyright status of the Item. Please refer to the organization that has made the Item available for more information. You are free to use this Item in any way that is permitted by the copyright and related rights legislation that applies to your use. http://rightsstatements.org/vocab/UND/1.0/",,"Mulcrone, Patrick",personal,scanning technician,digital image,,,,,,,,,,,,,,,,,1094660,,musm_natHist_p_05754.jpg|musm_natHist_p_05754.jpg
musm_natHist_a_6109,The 3D Natural History Digital Collection,6109,A428,,pendants (jewelry),aat,300046002,beadwork (visual works),aat,300053647,pendant,descriptive,University of Colorado Boulder Museum of Natural History,,,,,,,,,,,0600/1300,600,1300,creation,600-1300 CE,4/2/1940,4/2/1940,,,discovery,,,Anthropology,descriptiveTopic,lcsh,sh 85005581,"Moffat County, CO, Castle Park, Yampa Canyon, Mantle's Cave",discovery,05MF0001,other (site number),University of Colorado Boulder Museum of Natural History,beads (pierced objects),medium,aat,300234006,twine,medium,aat,300014251,,,,,beading (process),aat,300235440,,Fremont,aat,300016927,"Pendant is butterfly shaped with beading. There are two strands of beading on the pendant and the beading is only on one side. The beading is threaded by thin twine, which is tied on the opposite side of the beading.",,,,,"The copyright and related rights status of this Item has been reviewed by the organization that has made the Item available, but the organization was unable to make a conclusive determination as to the copyright status of the Item. Please refer to the organization that has made the Item available for more information. You are free to use this Item in any way that is permitted by the copyright and related rights legislation that applies to your use. http://rightsstatements.org/vocab/UND/1.0/",,"Mulcrone, Patrick",personal,scanning technician,digital image,,,,,,,,,,,,,,,,,1094785,,musm_natHist_a_06109.jpg|musm_natHist_a_06109.jpg
musm_natHist_a_5034,The 3D Natural History Digital Collection,5034,A1076,,scrapers (finishing tools),aat,300024836,,,,polisher,descriptive,University of Colorado Boulder Museum of Natural History,,,,,,,,,,,0600/1300,600,1300,creation,600-1300 CE,1939-08/1939-09,1939-08/1939-09,,,discovery,,,Anthropology,descriptiveTopic,lcsh,sh 85005581,"Moffat County, CO, Castle Park, Yampa Canyon, Mantle's Cave",discovery,05MF0001,other (site number),University of Colorado Boulder Museum of Natural History,,,,,,,,,,,,,,,,,Fremont,aat,300016927,Two arrow shaft polishers.,3D print file of polisher,relatedTo,musm_natHist_a_5034.stl,<a href='http://ucblibraries.colorado.edu/systems/digitalinitiatives/print/musm_natHist_a_5034.stl'>Download 3D print file</a>,"The copyright and related rights status of this Item has been reviewed by the organization that has made the Item available, but the organization was unable to make a conclusive determination as to the copyright status of the Item. Please refer to the organization that has made the Item available for more information. You are free to use this Item in any way that is permitted by the copyright and related rights legislation that applies to your use. http://rightsstatements.org/vocab/UND/1.0/",,"Mulcrone, Patrick",personal,scanning technician,digital image,,,,,,,,,,,,,,,,,1094646,,musm_natHist_a_5034.jpg|musm_natHist_a_5034.jpg
musm_natHist_a_5033,The 3D Natural History Digital Collection,5033,A642,,manos (food mills),aat,300209569,,,,mano,descriptive,University of Colorado Boulder Museum of Natural History,,,,,,,,,,,0600/1300,600,1300,creation,600-1300 CE,5/11/1940,5/11/1940,,,discovery,,,Anthropology,descriptiveTopic,lcsh,sh 85005581,"San Juan County, NM, W side of La Plata 2 mi S of Colorado border",discovery,,,University of Colorado Boulder Museum of Natural History,sandstone,medium,aat,300011376,,,,,,,,,,,,,Fremont,aat,300016927,Dark sandstone mano.,,,,,"The copyright and related rights status of this Item has been reviewed by the organization that has made the Item available, but the organization was unable to make a conclusive determination as to the copyright status of the Item. Please refer to the organization that has made the Item available for more information. You are free to use this Item in any way that is permitted by the copyright and related rights legislation that applies to your use. http://rightsstatements.org/vocab/UND/1.0/",,"Mulcrone, Patrick",personal,scanning technician,digital image,,,,,,,,,,,,,,,,,1094631,,musm_natHist_a_05033.jpg|musm_natHist_a_05033.jpg
musm_natHist_a_06173b,The 3D Natural History Digital Collection,06173b,A419,,fishhooks,aat,300024418,,,,fishhook,descriptive,University of Colorado Boulder Museum of Natural History,,,,,,,,,,,0600/1300,600,1300,creation,600-1300 CE,3/21/1940,3/21/1940,,,discovery,,,Anthropology,descriptiveTopic,lcsh,sh 85005581,"Moffat County, CO, Castle Park, Yampa Canyon, Mantle's Cave",discovery,05MF0001,other (site number),University of Colorado Boulder Museum of Natural History,corn (seed),medium,aat,300011903,,,,,,,,,,,,,Fremont,aat,300016927,Two fish hooks and one kernel of corn found inside woven bag (UCM 06173a).,,,,,"The copyright and related rights status of this Item has been reviewed by the organization that has made the Item available, but the organization was unable to make a conclusive determination as to the copyright status of the Item. Please refer to the organization that has made the Item available for more information. You are free to use this Item in any way that is permitted by the copyright and related rights legislation that applies to your use. http://rightsstatements.org/vocab/UND/1.0/",,"Mulcrone, Patrick",personal,scanning technician,digital image,,,,,,,,,,,,,,,,,1094820,,
musm_natHist_a_6169,The 3D Natural History Digital Collection,6169,A533,,horn (animal material),aat,300011826,wrenches,aat,300024714,horn,descriptive,University of Colorado Boulder Museum of Natural History,,,,,,,,,,,0600/1300,600,1300,creation,600-1300 CE,4/19/1940,4/19/1940,,,discovery,,,Anthropology,descriptiveTopic,lcsh,sh 85005581,"Moffat County, CO, Castle Park, Yampa Canyon, Mantle's Cave",discovery,05MF0001,other (site number),University of Colorado Boulder Museum of Natural History,horn (animal material),medium,aat,300011826,,,,,,,,,drilling (process),aat,300053151,,Fremont,aat,300016927,Sheep's horn shaft from Dart Maker's kit. The horn has a circle drilled into it near its point. The previous inventory identified this object as a wrench.,,,,,"The copyright and related rights status of this Item has been reviewed by the organization that has made the Item available, but the organization was unable to make a conclusive determination as to the copyright status of the Item. Please refer to the organization that has made the Item available for more information. You are free to use this Item in any way that is permitted by the copyright and related rights legislation that applies to your use. http://rightsstatements.org/vocab/UND/1.0/",,"Mulcrone, Patrick",personal,scanning technician,digital image,,,,,,,,,,,,,,,,,1094803,,musm_natHist_a_06169.jpg|musm_natHist_a_06169.jpg
musm_natHist_a_6189,The 3D Natural History Digital Collection,6189,A153,,blades (tool and equipment components,aat,300024917,,,,blade,descriptive,University of Colorado Boulder Museum of Natural History,,,,,,,,,,,0600/1300,600,1300,creation,600-1300 CE,1/4/1940,1/4/1940,,,discovery,,,Anthropology,descriptiveTopic,lcsh,sh 85005581,"Moffat County, CO, Castle Park, Yampa Canyon, Mantle's Cave",discovery,05MF0001,other (site number),University of Colorado Boulder Museum of Natural History,quartzite,medium,aat,300011623,,,,,,,,,,,,,Fremont,aat,300016927,Long blade knife.,3D print file of blade,relatedTo,musm_natHist_a_06189.stl,<a href='http://ucblibraries.colorado.edu/systems/digitalinitiatives/print/musm_natHist_a_06189.stl'>Download 3D print file</a>,"The copyright and related rights status of this Item has been reviewed by the organization that has made the Item available, but the organization was unable to make a conclusive determination as to the copyright status of the Item. Please refer to the organization that has made the Item available for more information. You are free to use this Item in any way that is permitted by the copyright and related rights legislation that applies to your use. http://rightsstatements.org/vocab/UND/1.0/",,"Mulcrone, Patrick",personal,scanning technician,digital image,,,,,,,,,,,,,,,,,1094835,,musm_natHist_a_06189.jpg
musm_natHist_a_5943,The 3D Natural History Digital Collection,5943,A1073,,ladles,aat,300200095,,,,ladle,descriptive,University of Colorado Boulder Museum of Natural History,,,,,,,,,,,1939-08/1939-09,,,discovery,,,0126/0264,126,264,creation,126-264 CE,1939-08/1939-09,Anthropology,descriptiveTopic,lcsh,sh 85005581,"Moffat County, CO, Castle Park, Yampa Canyon, Mantle's Cave",discovery,05MF0001,other (site number),University of Colorado Boulder Museum of Natural History,gourd,medium,aat,300011870,,,,,,,,,basketmaking,aat,300053590,,Fremont,aat,300016927,Half gourd-basketry ladle of willow and pitch. The ladle is coiled and slightly singed with blue pigment on the outside.,,,,,"The copyright and related rights status of this Item has been reviewed by the organization that has made the Item available, but the organization was unable to make a conclusive determination as to the copyright status of the Item. Please refer to the organization that has made the Item available for more information. You are free to use this Item in any way that is permitted by the copyright and related rights legislation that applies to your use. http://rightsstatements.org/vocab/UND/1.0/",,"Mulcrone, Patrick",personal,scanning technician,digital image,,,,,,,,,,,,,,,,,1094675,,musm_natHist_a_05943.jpg|musm_natHist_a_05943.jpg
musm_natHist_a_6006,The 3D Natural History Digital Collection,6006,A383,,mats (floor coverings),aat,300186112,,,,mat,descriptive,University of Colorado Boulder Museum of Natural History,,,,,,,,,,,0600/1300,600,1300,creation,600-1300 CE,3/18/1940,3/18/1940,,,discovery,,,Anthropology,descriptiveTopic,lcsh,sh 85005581,"Moffat County, CO, Castle Park, Yampa Canyon, Mantle's Cave",discovery,05MF0001,other (site number),University of Colorado Boulder Museum of Natural History,,,,,,,,,,,,,twining,aat,300228538,,Fremont,aat,300016927,Twined and rigged mat.,,,,,"The copyright and related rights status of this Item has been reviewed by the organization that has made the Item available, but the organization was unable to make a conclusive determination as to the copyright status of the Item. Please refer to the organization that has made the Item available for more information. You are free to use this Item in any way that is permitted by the copyright and related rights legislation that applies to your use. http://rightsstatements.org/vocab/UND/1.0/",,"Mulcrone, Patrick",personal,scanning technician,digital image,,,,,,,,,,,,,,,,,1094770,,
musm_natHist_a_193901001,The 3D Natural History Digital Collection,1939.01.001,A436,,weights (object genres),aat,300343371,,,,weight,descriptive,University of Colorado Boulder Museum of Natural History,,,,,,,,,,,0600/1300,600,1300,creation,600-1300 CE,4/2/1940,4/2/1940,,,discovery,,,Anthropology,descriptiveTopic,lcsh,sh 85005581,,,,,University of Colorado Boulder Museum of Natural History,stone (worked rock),medium,aat,300011176,,,,,,,,,,,,,Fremont,aat,300016927,"Black stone (possibly carapace stone) atl atl weight, tied with string.",,,,,"The copyright and related rights status of this Item has been reviewed by the organization that has made the Item available, but the organization was unable to make a conclusive determination as to the copyright status of the Item. Please refer to the organization that has made the Item available for more information. You are free to use this Item in any way that is permitted by the copyright and related rights legislation that applies to your use. http://rightsstatements.org/vocab/UND/1.0/",,"Mulcrone, Patrick",personal,scanning technician,digital image,,,,,,,,,,,,,,,,,1094968,,musm_natHist_a_1939_01_001.jpg|musm_natHist_a_1939_01_001.jpg
musm_natHist_a_5957,The 3D Natural History Digital Collection,5957,A1087,,baskets (containers),aat,300194498,,,,basket,descriptive,University of Colorado Boulder Museum of Natural History,,,,,,,,,,,0600/1300,600,1300,creation,600-1300 CE,1939-08/1939-09,1939-08/1939-09,,,discovery,,,Anthropology,descriptiveTopic,lcsh,sh 85005581,"Moffat County, CO, Castle Park, Yampa Canyon, Mantle's Cave",discovery,05MF0001,other (site number),University of Colorado Boulder Museum of Natural History,pitch (tar),medium,aat,300012949,,,,,,,,,basketmaking,aat,300053590,,Fremont,aat,300016927,"Coiled, globular basket with pitch. The basket has a hide carrying strap, has been repaired, and has pitch on the inside of the basket.",,,,,"The copyright and related rights status of this Item has been reviewed by the organization that has made the Item available, but the organization was unable to make a conclusive determination as to the copyright status of the Item. Please refer to the organization that has made the Item available for more information. You are free to use this Item in any way that is permitted by the copyright and related rights legislation that applies to your use. http://rightsstatements.org/vocab/UND/1.0/",,"Mulcrone, Patrick",personal,scanning technician,digital image,,,,,,,,,,,,,,,,,1094691,,musm_natHist_a_05957.jpg|musm_natHist_a_05957.jpg
musm_natHist_a_5960,The 3D Natural History Digital Collection,5960,A1086,,fishhooks,aat,300024418,,,,fishhook,descriptive,University of Colorado Boulder Museum of Natural History,,,,,,,,,,,0600/1300,600,1300,creation,600-1300 CE,1939-08/1939-09,1939-08/1939-09,,,discovery,,,Anthropology,descriptiveTopic,lcsh,sh 85005581,"Moffat County, CO, Castle Park, Yampa Canyon, Mantle's Cave",discovery,05MF0001,other (site number),University of Colorado Boulder Museum of Natural History,bone (material),medium,aat,300011798,vegetable-tanned leather,medium,aat,300263004,wood (plant material),medium,aat,300011914,,,,,Fremont,aat,300016927,"Three fish hooks of bone and wood, vegetal line. The lines are attached to the hooks at the base. There are two different line types.",,,,,"The copyright and related rights status of this Item has been reviewed by the organization that has made the Item available, but the organization was unable to make a conclusive determination as to the copyright status of the Item. Please refer to the organization that has made the Item available for more information. You are free to use this Item in any way that is permitted by the copyright and related rights legislation that applies to your use. http://rightsstatements.org/vocab/UND/1.0/",,"Mulcrone, Patrick",personal,scanning technician,digital image,,,,,,,,,,,,,,,,,1094707,,
musm_natHist_a_5997,The 3D Natural History Digital Collection,5997,A313a,,baskets (containers),aat,300194498,,,,basket fragment,descriptive,University of Colorado Boulder Museum of Natural History,,,,,,,,,,,0600/1300,600,1300,creation,600-1300 CE,2/1/1949,2/1/1949,,,discovery,,,Anthropology,descriptiveTopic,lcsh,sh 85005581,"Moffat County, CO, Castle Park, Yampa Canyon, Mantle's Cave",discovery,05MF0001,other (site number),University of Colorado Boulder Museum of Natural History,,,,,,,,,,,,,basketmaking,aat,300053590,,Fremont,aat,300016927,Coiled basket core. This object has a hole in the center.,,,,,"The copyright and related rights status of this Item has been reviewed by the organization that has made the Item available, but the organization was unable to make a conclusive determination as to the copyright status of the Item. Please refer to the organization that has made the Item available for more information. You are free to use this Item in any way that is permitted by the copyright and related rights legislation that applies to your use. http://rightsstatements.org/vocab/UND/1.0/",,"Mulcrone, Patrick",personal,scanning technician,digital image,,,,,,,,,,,,,,,,,1094740,,musm_natHist_a_05997.jpg|musm_natHist_a_05997.jpg
musm_natHist_a_5990,The 3D Natural History Digital Collection,5990,a296a,,knives,aat,300024668,,,,knife,descriptive,University of Colorado Boulder Museum of Natural History,,,,,,,,,,,0600/1300,600,1300,creation,600-1300 CE,2/24/1940,2/24/1940,,,discovery,,,Anthropology,descriptiveTopic,lcsh,sh 85005581,"Moffat County, CO, Castle Park, Yampa Canyon, Mantle's Cave",discovery,05MF0001,other (site number),University of Colorado Boulder Museum of Natural History,wood (plant material),medium,aat,300011914,plant fiber,medium,aat,300014031,,,,,,,,,Fremont,aat,300016927,Wooden handle hafted knife with black blade. There are two sections with plant fiber wraped around the handle.,,,,,"The copyright and related rights status of this Item has been reviewed by the organization that has made the Item available, but the organization was unable to make a conclusive determination as to the copyright status of the Item. Please refer to the organization that has made the Item available for more information. You are free to use this Item in any way that is permitted by the copyright and related rights legislation that applies to your use. http://rightsstatements.org/vocab/UND/1.0/",,"Mulcrone, Patrick",personal,scanning technician,digital image,,,,,,,,,,,,,,,,,1094724,,musm_natHist_a_05990.jpg|musm_natHist_a_05990.jpg
musm_natHist_a_3304,The 3D Natural History Digital Collection,3304,M215,,bracelets (jewelry),aat,300045991,,,,bracelet,descriptive,University of Colorado Boulder Museum of Natural History,,,,,,,,,,,1926,,,discovery,,1926,,,,,,,Anthropology,descriptiveTopic,lcsh,sh 85005581,"NM, Mimbres Valley, McSherry Ruin",discovery,,,University of Colorado Boulder Museum of Natural History,shell (animal material),medium,aat,300011829,,,,,,,,,,,,,Mimbres,aat,300016943,One lot of white shell bracelets.,,,,,"The copyright and related rights status of this Item has been reviewed by the organization that has made the Item available, but the organization was unable to make a conclusive determination as to the copyright status of the Item. Please refer to the organization that has made the Item available for more information. You are free to use this Item in any way that is permitted by the copyright and related rights legislation that applies to your use. http://rightsstatements.org/vocab/UND/1.0/",,"Mulcrone, Patrick",personal,scanning technician,digital image,,,,,,,,,,,,,,,,,1094604,,musm_natHist_a_03304.jpg|musm_natHist_a_03304.jpg
musm_natHist_a_3241,The 3D Natural History Digital Collection,3241,M154,,metates,aat,300209571,,,,metata,descriptive,University of Colorado Boulder Museum of Natural History,,,,,,,,,,,1926,,,discovery,,1926,,,,,,,Anthropology,descriptiveTopic,lcsh,sh 85005581,"CO, between Mancos and La Plata Valleys",discovery,,,University of Colorado Boulder Museum of Natural History,stone (worked rock),medium,aat,300011176,,,,,,,,,,,,,Mimbres,aat,300016943,Stone bowl-shaped metate.,,,,,"The copyright and related rights status of this Item has been reviewed by the organization that has made the Item available, but the organization was unable to make a conclusive determination as to the copyright status of the Item. Please refer to the organization that has made the Item available for more information. You are free to use this Item in any way that is permitted by the copyright and related rights legislation that applies to your use. http://rightsstatements.org/vocab/UND/1.0/",,"Mulcrone, Patrick",personal,scanning technician,digital image,,,,,,,,,,,,,,,,,1094590,,musm_natHist_a_03241.jpg|musm_natHist_a_03241.jpg
musm_natHist_a_6289,The 3D Natural History Digital Collection,6289,,,awls,aat,300024663,,,,awl,descriptive,University of Colorado Boulder Museum of Natural History,,,,,,,,,,,3/15/1905,,,discovery,,,,,,,,3/15/1905,Anthropology,descriptiveTopic,lcsh,sh 85005581,"Silver City, NM",discovery,,,University of Colorado Boulder Museum of Natural History,bone (material),medium,aat,300011798,,,,,,,,,,,,,Mimbres,aat,300016943,Bone awl.,3D print file of awl,relatedTo,musm_natHist_a_06289.stl,<a href='http://ucblibraries.colorado.edu/systems/digitalinitiatives/print/musm_natHist_a_06289.stl'>Download 3D print file</a>,"The copyright and related rights status of this Item has been reviewed by the organization that has made the Item available, but the organization was unable to make a conclusive determination as to the copyright status of the Item. Please refer to the organization that has made the Item available for more information. You are free to use this Item in any way that is permitted by the copyright and related rights legislation that applies to your use. http://rightsstatements.org/vocab/UND/1.0/",,"Mulcrone, Patrick",personal,scanning technician,digital image,,,,,,,,,,,,,,,,,1094879,,
musm_natHist_a_6288,The 3D Natural History Digital Collection,6288,,,bowls (object components),aat,300042946,,,,"bowl, pipe",descriptive,University of Colorado Boulder Museum of Natural History,,,,,,,,,,,3/15/1905,,,discovery,,,,,,,,3/15/1905,Anthropology,descriptiveTopic,lcsh,sh 85005581,"Moffat County, CO, Castle Park, Yampa Canyon, Mantle's Cave",discovery,05MF0001,other (site number),University of Colorado Boulder Museum of Natural History,lava,medium,aat,300011249,,,,,,,,,,,,,Mimbres,aat,300016943,Perforated lavastone cylindrical pipe bowl.,,,,,"The copyright and related rights status of this Item has been reviewed by the organization that has made the Item available, but the organization was unable to make a conclusive determination as to the copyright status of the Item. Please refer to the organization that has made the Item available for more information. You are free to use this Item in any way that is permitted by the copyright and related rights legislation that applies to your use. http://rightsstatements.org/vocab/UND/1.0/",,"Mulcrone, Patrick",personal,scanning technician,digital image,,,,,,,,,,,,,,,,,1094865,,musm_natHist_a_06288.jpg|musm_natHist_a_06288.jpg
musm_natHist_a_esf_2_OC,The 3D Natural History Digital Collection,2014.10.,ESF-2,,scrapers (finishing tools),aat,300024836,casts (sculpture),aat,300047806,"cast, scraper",descriptive,University of Colorado Boulder Museum of Natural History,,,,,,,,,,,,,,,,,,,,,,,Anthropology,descriptiveTopic,lcsh,sh 85005581,"Cheyenne county, CO, Olsen-Chubbuck",discovery,2000200,other (site number),University of Colorado Boulder Museum of Natural History,,,,,,,,,,,,,,,,,Paleo-Indian (Pre-Columbian North American),aat,300016632,Cast of a scraper. This cast is associated with its mold 2014.10.028.01a-b and its other cast 2014.10.028.03. The original object was never accessioned.,"3D print file of cast, scraper",relatedTo,musm_natHist_a_esf_2_OC.stl,<a href='http://ucblibraries.colorado.edu/systems/digitalinitiatives/print/musm_natHist_a_esf_2_OC.stl'>Download 3D print file</a>,"The copyright and related rights status of this Item has been reviewed by the organization that has made the Item available, but the organization was unable to make a conclusive determination as to the copyright status of the Item. Please refer to the organization that has made the Item available for more information. You are free to use this Item in any way that is permitted by the copyright and related rights legislation that applies to your use. http://rightsstatements.org/vocab/UND/1.0/",,"Mulcrone, Patrick",personal,scanning technician,digital image,,,,,,,,,,,,,,,,,1095110,,musm_natHist_a_esf_2_OC.jpg|musm_natHist_a_esf_2_OC.jpg
musm_natHist_a_10483,The 3D Natural History Digital Collection,10483,,,projectile points,aat,300024860,,,,point,descriptive,University of Colorado Boulder Museum of Natural History,,,,,,,,,,,,,,,,,,,,,,,Anthropology,descriptiveTopic,lcsh,sh 85005581,"Cheyenne County, CO, Olsen-Chubbuck",discovery,05CH0001,other (site number),University of Colorado Boulder Museum of Natural History,stone (worked rock),medium,aat,300011176,,,,,,,,,,,,,Paleo-Indian (Pre-Columbian North American),aat,300016632,"Firstview point. This point is made of darker and lighter grey mottled stone. According to Joe Ben Wheat it is made of igneous stone. The flaking is irregularly parallel, using a percussion technique.",,,,,"The copyright and related rights status of this Item has been reviewed by the organization that has made the Item available, but the organization was unable to make a conclusive determination as to the copyright status of the Item. Please refer to the organization that has made the Item available for more information. You are free to use this Item in any way that is permitted by the copyright and related rights legislation that applies to your use. http://rightsstatements.org/vocab/UND/1.0/",,"Mulcrone, Patrick",personal,scanning technician,digital image,,,,,,,,,,,,,,,,,1095182,,musm_natHist_p_10483.jpg|musm_natHist_p_10483.jpg
musm_natHist_a_10220,The 3D Natural History Digital Collection,10220,,,projectile points,aat,300024862,,,,"point, projectile",descriptive,University of Colorado Boulder Museum of Natural History,,,,,,,,,,,,,,,,,,,,,,,Anthropology,descriptiveTopic,lcsh,sh 85005581,,,,,University of Colorado Boulder Museum of Natural History,,,,,,,,,,,,,notching,aat,300389718,,Paleo-Indian (Pre-Columbian North American),aat,300016632,One lot of miscellaneous eastern side and corner-notched projectile points.,,,,,"The copyright and related rights status of this Item has been reviewed by the organization that has made the Item available, but the organization was unable to make a conclusive determination as to the copyright status of the Item. Please refer to the organization that has made the Item available for more information. You are free to use this Item in any way that is permitted by the copyright and related rights legislation that applies to your use. http://rightsstatements.org/vocab/UND/1.0/",,"Mulcrone, Patrick",personal,scanning technician,digital image,,,,,,,,,,,,,,,,,1094946,,
musm_natHist_a_10207,The 3D Natural History Digital Collection,10207,,,projectile points,aat,300024861,,,,"point, projectile",descriptive,University of Colorado Boulder Museum of Natural History,,,,,,,,,,,,,,,,,,,,,,,Anthropology,descriptiveTopic,lcsh,sh 85005581,,,,,University of Colorado Boulder Museum of Natural History,stone (worked rock),medium,aat,300011176,,,,,,,,,notching,aat,300389718,,,,,One lot of large corner-notched stone projectile points.,,,,,"The copyright and related rights status of this Item has been reviewed by the organization that has made the Item available, but the organization was unable to make a conclusive determination as to the copyright status of the Item. Please refer to the organization that has made the Item available for more information. You are free to use this Item in any way that is permitted by the copyright and related rights legislation that applies to your use. http://rightsstatements.org/vocab/UND/1.0/",,"Mulcrone, Patrick",personal,scanning technician,digital image,,,,,,,,,,,,,,,,,1094934,,musm_natHist_a_10207d.jpg|musm_natHist_a_10207d.jpg
musm_natHist_p_19489,The 3D Natural History Digital Collection,19489,903,,,,,,,,,,,"Wilson, Robert W.",personal,collectors,aat,300025234,,,,,,1940,,,discovery,,1940,,,,,,,Paleontology,descriptiveTopic,lcsh,sh 85097123,Wyoming,discovery,83033,other (locality number),University of Colorado Boulder Museum of Natural History,,,,,,,,,,,,,,,,,,,,"partial maxilla, left",,,,,"The copyright and related rights status of this Item has been reviewed by the organization that has made the Item available, but the organization was unable to make a conclusive determination as to the copyright status of the Item. Please refer to the organization that has made the Item available for more information. You are free to use this Item in any way that is permitted by the copyright and related rights legislation that applies to your use. http://rightsstatements.org/vocab/UND/1.0/",,"Mulcrone, Patrick",personal,scanning technician,digital image,Cenozoic,Cenozoic,Paleogene,Paleogene,Eocene,Eocene,Bridgerian,Bridgerian,Bridger formation,Twin Buttes member,,,Bridger Fm. Eocene 46-47 mya,Palaeosyops,Rhinoceros-like herbivore,Animalia;Chordata;Mammalia;Perissodactyla;Brontotheriidae;Palaeosyops,1094179,,
musm_natHist_p_23018,The 3D Natural History Digital Collection,23018,385,,,,,,,,,,,"Clark, John",personal,collectors,aat,300025234,"Kietzke, K.",personal,collectors,aat,300025234,1962,,,discovery,,1962,,,,,,,Paleontology,descriptiveTopic,lcsh,sh 85097123,"Washington county, SD",discovery,84017,other (locality number),University of Colorado Boulder Museum of Natural History,,,,,,,,,,,,,,,,,,,,skull and partial mandible,,,,,"The copyright and related rights status of this Item has been reviewed by the organization that has made the Item available, but the organization was unable to make a conclusive determination as to the copyright status of the Item. Please refer to the organization that has made the Item available for more information. You are free to use this Item in any way that is permitted by the copyright and related rights legislation that applies to your use. http://rightsstatements.org/vocab/UND/1.0/",,"Mulcrone, Patrick",personal,scanning technician,digital image,Cenozoic,Cenozoic,Paleogene,Paleogene,Oligocene,Oligocene,Orellan,Orellan,White River group,Brule formation,,Scenic member,Brule Fm. Oligocene 30-34 mya,Leptomeryx evansi,Small deer-like herbivore,Animalia;Chordata;Mammalia;Artiodactyla;Leptomerycidae;Leptomeryx,1094513,,
musm_natHist_p_63203,The 3D Natural History Digital Collection,63203,67,,,,,,,,,,,"Evanoff, Emmett",personal,collectors,aat,300025234,"Ivy, Logan",personal,collectors,aat,300025234,1985,,,discovery,,1985,,,,,,,Paleontology,descriptiveTopic,lcsh,sh 85097123,"Converse county, WY",discovery,91342,other (locality number),University of Colorado Boulder Museum of Natural History,,,,,,,,,,,,,,,,,,,,skull and mandible,,,,,"The copyright and related rights status of this Item has been reviewed by the organization that has made the Item available, but the organization was unable to make a conclusive determination as to the copyright status of the Item. Please refer to the organization that has made the Item available for more information. You are free to use this Item in any way that is permitted by the copyright and related rights legislation that applies to your use. http://rightsstatements.org/vocab/UND/1.0/",,"Mulcrone, Patrick",personal,scanning technician,digital image,Cenozoic,Cenozoic,Paleogene,Paleogene,Oligocene,Oligocene,Orellan,Orellan,White River group,Brule formation,,,Brule Fm. Oligocene 30-34 mya,Hyaenodon,Hyaenodon-like carnivore,Animalia;Chordata;Mammalia;Creodonta;Hyaenodontidae;Hyaenodon,1094194,,
musm_natHist_p_48605,The 3D Natural History Digital Collection,48605,28,,,,,,,,,,,"Larson, Jane",personal,collectors,aat,300025234,,,,,,1982,,,discovery,,1982,,,,,,,Paleontology,descriptiveTopic,lcsh,sh 85097123,"Dawes county, NE",discovery,80078,other (locality number),University of Colorado Boulder Museum of Natural History,,,,,,,,,,,,,,,,,,,,"skull, juvenile",,,,,"The copyright and related rights status of this Item has been reviewed by the organization that has made the Item available, but the organization was unable to make a conclusive determination as to the copyright status of the Item. Please refer to the organization that has made the Item available for more information. You are free to use this Item in any way that is permitted by the copyright and related rights legislation that applies to your use. http://rightsstatements.org/vocab/UND/1.0/",,"Mulcrone, Patrick",personal,scanning technician,digital image,Cenozoic,Cenozoic,Paleogene,Paleogene,Oligocene,Oligocene,Orellan,Orellan,White River group,Brule formation,,Orella member,Brule Fm. Oligocene 30-34 mya,Mesohippus,Early horse,Animalia;Chordata;Mammalia;Perissodactyla;Equidae;Mesohippus,1094354,,musm_natHist_p_48605.jpg|musm_natHist_p_48605.jpg
musm_natHist_p_99456,The 3D Natural History Digital Collection,99456,446,,,,,,,,,,,"Koerner, Harold",personal,collectors,aat,300025234,,,,,,1977,,,discovery,,1977,,,,,,,Paleontology,descriptiveTopic,lcsh,sh 85097123,"Niobrara county, WY",discovery,2006011,other (locality number),University of Colorado Boulder Museum of Natural History,,,,,,,,,,,,,,,,,,,,skull,,,,,"The copyright and related rights status of this Item has been reviewed by the organization that has made the Item available, but the organization was unable to make a conclusive determination as to the copyright status of the Item. Please refer to the organization that has made the Item available for more information. You are free to use this Item in any way that is permitted by the copyright and related rights legislation that applies to your use. http://rightsstatements.org/vocab/UND/1.0/",,"Mulcrone, Patrick",personal,scanning technician,digital image,Cenozoic,Cenozoic,Paleogene,Paleogene,Oligocene,Oligocene,Orellan,Orellan,White River group,Brule formation,,,Brule Fm. Oligocene 30-34 mya,Hesperocyon,Dog-like carnivore,Animalia;Chordata;Mammalia;Carnivora;Canidae;Hesperocyon,1094428,,musm_natHist_p_99456.jpg|musm_natHist_p_99456.jpg
musm_natHist_p_17757,The 3D Natural History Digital Collection,17757,842,,,,,,,,,,,"Sternberg, GF",personal,collectors,aat,300025234,,,,,,1931,,,discovery,,1931,,,,,,,Paleontology,descriptiveTopic,lcsh,sh 85097123,"Converse/Platte county, WY",discovery,77293,other (locality number),University of Colorado Boulder Museum of Natural History,,,,,,,,,,,,,,,,,,,,skull and mandible,,,,,"The copyright and related rights status of this Item has been reviewed by the organization that has made the Item available, but the organization was unable to make a conclusive determination as to the copyright status of the Item. Please refer to the organization that has made the Item available for more information. You are free to use this Item in any way that is permitted by the copyright and related rights legislation that applies to your use. http://rightsstatements.org/vocab/UND/1.0/",,"Mulcrone, Patrick",personal,scanning technician,digital image,Cenozoic,Cenozoic,Paleogene,Paleogene,Oligocene,Oligocene,Orellan,Orellan,White River group,Brule formation,,,Brule Fm. Oligocene 30-34 mya,Poebrotherium,Pre-camel,Animalia;Chordata;Mammalia;Artiodactyla;Camelidae;Poebrotherium,1094225,,musm_natHist_p_17757.jpg|musm_natHist_p_17757.jpg
musm_natHist_p_102986,The 3D Natural History Digital Collection,102986,627,,,,,,,,,,,"Robinette, Leslie W.",personal,collectors,aat,300025234,,,,,,unknown/1980,,,discovery,,unknown/1980,,,,,,,Paleontology,descriptiveTopic,lcsh,sh 85097123,"Converse/Platte county, WY",discovery,77293,other (locality number),University of Colorado Boulder Museum of Natural History,,,,,,,,,,,,,,,,,,,,skull and mandible,,,,,"The copyright and related rights status of this Item has been reviewed by the organization that has made the Item available, but the organization was unable to make a conclusive determination as to the copyright status of the Item. Please refer to the organization that has made the Item available for more information. You are free to use this Item in any way that is permitted by the copyright and related rights legislation that applies to your use. http://rightsstatements.org/vocab/UND/1.0/",,"Mulcrone, Patrick",personal,scanning technician,digital image,Cenozoic,Cenozoic,Paleogene,Paleogene,Oligocene,Oligocene,Orellan,Orellan,White River group,Brule formation,,,Brule Fm. Oligocene 30-34 mya,Hypisodus,Small deer-like herbivore,Animalia;Chordata;Mammalia;Artiodactyla;Hypertragulidae;Hypisodus,1094240,,
musm_natHist_p_17754,The 3D Natural History Digital Collection,17754,842,,,,,,,,,,,"Sternberg, GF",personal,collectors,aat,300025234,,,,,,1931,,,discovery,,1931,,,,,,,Paleontology,descriptiveTopic,lcsh,sh 85097123,"Converse/Platte county, WY",discovery,77293,other (locality number),University of Colorado Boulder Museum of Natural History,,,,,,,,,,,,,,,,,,,,skull and mandible,,,,,"The copyright and related rights status of this Item has been reviewed by the organization that has made the Item available, but the organization was unable to make a conclusive determination as to the copyright status of the Item. Please refer to the organization that has made the Item available for more information. You are free to use this Item in any way that is permitted by the copyright and related rights legislation that applies to your use. http://rightsstatements.org/vocab/UND/1.0/",,"Mulcrone, Patrick",personal,scanning technician,digital image,Cenozoic,Cenozoic,Paleogene,Paleogene,Oligocene,Oligocene,Orellan,Orellan,White River group,Brule formation,,,Brule Fm. Oligocene 30-34 mya,Merycoidodon gracile,Sheep-like herbivore,Animalia;Chordata;Mammalia;Artiodactyla;Oreodontidae;Merycoidodon,1094210,,
musm_natHist_p_54222,The 3D Natural History Digital Collection,54222,53,,,,,,,,,,,"Kron, Donald",personal,collectors,aat,300025234,,,,,,1981,,,discovery,,1981,,,,,,,Paleontology,descriptiveTopic,lcsh,sh 85097123,"Converse county, WY",discovery,81051,other (locality number),University of Colorado Boulder Museum of Natural History,,,,,,,,,,,,,,,,,,,,"maxilla and partial dentary, right",,,,,"The copyright and related rights status of this Item has been reviewed by the organization that has made the Item available, but the organization was unable to make a conclusive determination as to the copyright status of the Item. Please refer to the organization that has made the Item available for more information. You are free to use this Item in any way that is permitted by the copyright and related rights legislation that applies to your use. http://rightsstatements.org/vocab/UND/1.0/",,"Mulcrone, Patrick",personal,scanning technician,digital image,Cenozoic,Cenozoic,Paleogene,Paleogene,Eocene,Eocene,Chadronian,Chadronian,White River group,Chadron formation,,,Chadron Fm. Eocene 34 -38 mya,Miohippus obliquidens cf.,Early horse,Animalia;Chordata;Mammalia;Perissodactyla;Equidae;Miohippus,1094413,,musm_natHist_p_054222_bottom.jpg|musm_natHist_p_054222_bottom.jpg
musm_natHist_p_108633,The 3D Natural History Digital Collection,108633,999,,,,,,,,,,,,,,,,,,,,,,,,,,,,,,,,,Paleontology,descriptiveTopic,lcsh,sh 85097123,Morocco,discovery,2013063,other (locality number),University of Colorado Boulder Museum of Natural History,,,,,,,,,,,,,,,,,,,,tooth,,,,,"The copyright and related rights status of this Item has been reviewed by the organization that has made the Item available, but the organization was unable to make a conclusive determination as to the copyright status of the Item. Please refer to the organization that has made the Item available for more information. You are free to use this Item in any way that is permitted by the copyright and related rights legislation that applies to your use. http://rightsstatements.org/vocab/UND/1.0/",,"Mulcrone, Patrick",personal,scanning technician,digital image,Mesozoic,Mesozoic,Cretaceous,Cretaceous,,,Albian,Cenomanian,,,Cretaceous 144-64.5 mya,,,Spinosaurus maroccanus,"Bipedal, lizard-hipped, carnivorous dinosaur",Animalia;Chordata;Reptilia;Saurischia;Spinosauridae;Spinosaurus,1094457,,musm_natHist_p_108633.jpg|musm_natHist_p_108633.jpg
musm_natHist_p_98222,The 3D Natural History Digital Collection,98222,388,,,,,,,,,,,"Koerner, Harold",personal,collectors,aat,300025234,"Stauber, D",personal,collectors,aat,300025234,unknown/1972,,,discovery,,unknown/1972,,,,,,,Paleontology,descriptiveTopic,lcsh,sh 85097123,"Logan county, KS",discovery,72273,other (locality number),University of Colorado Boulder Museum of Natural History,,,,,,,,,,,,,,,,,,,,"dentary, right",,,,,"The copyright and related rights status of this Item has been reviewed by the organization that has made the Item available, but the organization was unable to make a conclusive determination as to the copyright status of the Item. Please refer to the organization that has made the Item available for more information. You are free to use this Item in any way that is permitted by the copyright and related rights legislation that applies to your use. http://rightsstatements.org/vocab/UND/1.0/",,"Mulcrone, Patrick",personal,scanning technician,digital image,Mesozoic,Mesozoic,Cretaceous,Cretaceous,,,Coniacian,Santonian,Niobrara formation,Smoky Hill member,,,Cretaceous 144-64.5 mya,Clidastes,Large marine reptile,Animalia;Chordata;Reptilia;Squamata;Mosasauridae;Clidastes,1094497,,musm_natHist_p_98222.jpg|musm_natHist_p_98222.jpg
musm_natHist_p_98113,The 3D Natural History Digital Collection,98113,,,trackways,aat,300379470,,,,,,,,,,,,,,,,,1986,,,discovery,,1986,,,,,,,Paleontology,descriptiveTopic,lcsh,sh 85097123,"Kane county, UT",discovery,86206,other (locality number),University of Colorado Boulder Museum of Natural History,,,,,,,,,,,,,,,,,,,,Fossil track of a theropod,,,,,"The copyright and related rights status of this Item has been reviewed by the organization that has made the Item available, but the organization was unable to make a conclusive determination as to the copyright status of the Item. Please refer to the organization that has made the Item available for more information. You are free to use this Item in any way that is permitted by the copyright and related rights legislation that applies to your use. http://rightsstatements.org/vocab/UND/1.0/",,"Mulcrone, Patrick",personal,scanning technician,digital image,Mesozoic,Mesozoic,Cretaceous,Cretaceous,,,Cenomanian,Cenomanian,Dakota group,,Dakota Gp. Cretaceous 94-99 mya,,,Theropoda,"Bipedal, lizard-hipped, carnivorous dinosaur",Animalia;Chordata;Tetrapoda;Sauropsida;Archosauromorpha;Dinosauria;Saurischia;Theropoda,1094063,,musm_natHist_p_98113.jpg|musm_natHist_p_98113.jpg
musm_natHist_p_98154,The 3D Natural History Digital Collection,98154,,,trackways,aat,300379470,,,,,,,,,,,,,,,,,1930,,,discovery,,1930,,,,,,,Paleontology,descriptiveTopic,lcsh,sh 85097123,Colorado,discovery,76025,other (locality number),University of Colorado Boulder Museum of Natural History,,,,,,,,,,,,,,,,,,,,Fossil track of Ignotornis mcconnelli,,,,,"The copyright and related rights status of this Item has been reviewed by the organization that has made the Item available, but the organization was unable to make a conclusive determination as to the copyright status of the Item. Please refer to the organization that has made the Item available for more information. You are free to use this Item in any way that is permitted by the copyright and related rights legislation that applies to your use. http://rightsstatements.org/vocab/UND/1.0/",,"Mulcrone, Patrick",personal,scanning technician,digital image,Mesozoic,Mesozoic,Cretaceous,Cretaceous,,,Cenomanian,Cenomanian,Dakota group,,Dakota Gp. Cretaceous 94-99 mya,,,Ignotornis mcconnelli,Bird,Animalia;Chordata;Tetrapoda;Aves;Ignotornis,1094077,,
musm_natHist_p_20938,The 3D Natural History Digital Collection,209.38,Army Corps of Engineers,,trackways,aat,300379470,,,,,,,"Lockley, Martin",personal,collectors,aat,300025234,,,,,,2005,,,discovery,,2005,,,,,,,Paleontology,descriptiveTopic,lcsh,sh 85097123,"Bent county, CO",discovery,2012514,other (locality number),University of Colorado Boulder Museum of Natural History,,,,,,,,,,,,,,,,,,,,Fossil track of an archosaur,,,,,"The copyright and related rights status of this Item has been reviewed by the organization that has made the Item available, but the organization was unable to make a conclusive determination as to the copyright status of the Item. Please refer to the organization that has made the Item available for more information. You are free to use this Item in any way that is permitted by the copyright and related rights legislation that applies to your use. http://rightsstatements.org/vocab/UND/1.0/",,"Mulcrone, Patrick",personal,scanning technician,digital image,Mesozoic,Mesozoic,Cretaceous,Cretaceous,,,Cenomanian,Cenomanian,Dakota group,,Dakota Gp. Cretaceous 94-99 mya,,,Crocodylomorpha,Crocodile,Animalia;Chordata;Tetrapoda;Sauropsida;Archosauromorpha;Crocodylomorpha,1094106,,
musm_natHist_p_20946,The 3D Natural History Digital Collection,209.46,Army Corps of Engineers,,trackways,aat,300379470,,,,,,,"Lockley, Martin",personal,collectors,aat,300025234,,,,,,2005,,,discovery,,2005,,,,,,,Paleontology,descriptiveTopic,lcsh,sh 85097123,"Bent county, CO",discovery,2012515,other (locality number),University of Colorado Boulder Museum of Natural History,,,,,,,,,,,,,,,,,,,,Fossil track of an ornithopod,,,,,"The copyright and related rights status of this Item has been reviewed by the organization that has made the Item available, but the organization was unable to make a conclusive determination as to the copyright status of the Item. Please refer to the organization that has made the Item available for more information. You are free to use this Item in any way that is permitted by the copyright and related rights legislation that applies to your use. http://rightsstatements.org/vocab/UND/1.0/","From the Collections of the U.S. Army Corps of Engineers, John Martin Reservoir, Albuquerque District","Mulcrone, Patrick",personal,scanning technician,digital image,Mesozoic,Mesozoic,Cretaceous,Cretaceous,,,Cenomanian,Cenomanian,Dakota group,,Dakota Gp. Cretaceous 94-99 mya,,,Ornithopoda,"Bird-hipped, herbivorous dinosaur",Animalia;Chordata;Tetrapoda;Sauropsida;Archosauromorpha;Dinosauria;Ornithischia;Cerapoda;Ornithopoda,1094091,,musm_natHist_p_209_46.jpg|musm_natHist_p_209_46.jpg
musm_natHist_p_98108,The 3D Natural History Digital Collection,98108,,,trackways,aat,300379470,,,,,,,"Koerner, Harold",personal,collectors,aat,300025234,,,,,,1950/1959,,,discovery,,1950/1959,,,,,,,Paleontology,descriptiveTopic,lcsh,sh 85097123,"Wasatch county, UT",discovery,2006089,other (locality number),University of Colorado Boulder Museum of Natural History,,,,,,,,,,,,,,,,,,,,Fossil track of a bird,,,,,"The copyright and related rights status of this Item has been reviewed by the organization that has made the Item available, but the organization was unable to make a conclusive determination as to the copyright status of the Item. Please refer to the organization that has made the Item available for more information. You are free to use this Item in any way that is permitted by the copyright and related rights legislation that applies to your use. http://rightsstatements.org/vocab/UND/1.0/",,"Mulcrone, Patrick",personal,scanning technician,digital image,Cenozoic,Cenozoic,Paleogene,Paleogene,Eocene,Eocene,Wasatchian,Wasatchian,Green River formation,,Green River Fm. Eocene 48-52 mya,,,Aves,Bird,Animalia;Chordata;Tetrapoda;Aves,1094048,,musm_natHist_p_98108.jpg|musm_natHist_p_98108.jpg
musm_natHist_p_47039,The 3D Natural History Digital Collection,47039,10,,,,,,,,,,,"Robinson, Peter",personal,collectors,aat,300025234,,,,,,1978,,,discovery,,1978,,,,,,,Paleontology,descriptiveTopic,lcsh,sh 85097123,"Huerfano county, CO",discovery,78206,other (locality number),University of Colorado Boulder Museum of Natural History,,,,,,,,,,,,,,,,,,,,mandible,,,,,"The copyright and related rights status of this Item has been reviewed by the organization that has made the Item available, but the organization was unable to make a conclusive determination as to the copyright status of the Item. Please refer to the organization that has made the Item available for more information. You are free to use this Item in any way that is permitted by the copyright and related rights legislation that applies to your use. http://rightsstatements.org/vocab/UND/1.0/",,"Mulcrone, Patrick",personal,scanning technician,digital image,Cenozoic,Cenozoic,Paleogene,Paleogene,Eocene,Eocene,Wasatchian,Wasatchian,Huerfano formation,,Huerfano Fm. Eocene 51-55 mya,,,Mesohippus,Early horse,Animalia;Chordata;Mammalia;Perissodactyla;Equidae;Mesohippus,1094340,,musm_natHist_p_47039.jpg|musm_natHist_p_47039.jpg
musm_natHist_p_OS2376,The 3D Natural History Digital Collection,OS2376,,,,,,,,,,,,,,,,,,,,,,,,,,,,,,,,,,Paleontology,descriptiveTopic,lcsh,sh 85097123,,,,,University of Colorado Boulder Museum of Natural History,,,,,,,,,,,,,,,,,,,,,,,,,"The copyright and related rights status of this Item has been reviewed by the organization that has made the Item available, but the organization was unable to make a conclusive determination as to the copyright status of the Item. Please refer to the organization that has made the Item available for more information. You are free to use this Item in any way that is permitted by the copyright and related rights legislation that applies to your use. http://rightsstatements.org/vocab/UND/1.0/",,"Mulcrone, Patrick",personal,scanning technician,digital image,Modern,Modern,,,,,,,,,Modern,,,Equus grevyi,Horse,Animalia;Chordata;Mammalia;Perissodactyla;Equidae;Equus,1094529,,
musm_natHist_p_OS868,The 3D Natural History Digital Collection,OS868,,,,,,,,,,,,,,,,,,,,,,unknown/1930,,,discovery,,unknown/1930,,,,,,,Paleontology,descriptiveTopic,lcsh,sh 85097123,,,,,University of Colorado Boulder Museum of Natural History,,,,,,,,,,,,,,,,,,,,,,,,,"The copyright and related rights status of this Item has been reviewed by the organization that has made the Item available, but the organization was unable to make a conclusive determination as to the copyright status of the Item. Please refer to the organization that has made the Item available for more information. You are free to use this Item in any way that is permitted by the copyright and related rights legislation that applies to your use. http://rightsstatements.org/vocab/UND/1.0/",,"Mulcrone, Patrick",personal,scanning technician,digital image,Modern,Modern,,,,,,,,,Modern,,,Ursus arctos horribilis,Bear,Animalia;Chordata;Mammalia;Carnivora;Ursidae;Ursus,1094539,,
musm_natHist_p_81954,The 3D Natural History Digital Collection,81954,UCD 187.48,,trackways,aat,300379470,,,,,,,"Hasiotis, Stephen",personal,collectors,aat,300025234,,,,,,Jun-95,,,discovery,,Jun-95,,,,,,,Paleontology,descriptiveTopic,lcsh,sh 85097123,"Duchesne county, UT",discovery,98046,other (locality number),University of Colorado Boulder Museum of Natural History,,,,,,,,,,,,,,,,,,,,Fossil track of a pterosaur,,,,,"The copyright and related rights status of this Item has been reviewed by the organization that has made the Item available, but the organization was unable to make a conclusive determination as to the copyright status of the Item. Please refer to the organization that has made the Item available for more information. You are free to use this Item in any way that is permitted by the copyright and related rights legislation that applies to your use. http://rightsstatements.org/vocab/UND/1.0/",,"Mulcrone, Patrick",personal,scanning technician,digital image,Mesozoic,Mesozoic,Jurassic,Jurassic,,,Tithonian,Tithonian,Morrison formation,,Morrison Fm. Jurassic 144-153 mya,,,Pterosauria,Flying reptile,Animalia;Chordata;Tetrapoda;Sauropsida;Archosauromorpha;Pterosauria,1094033,,musm_natHist_p_81954.jpg|musm_natHist_p_81954.jpg
musm_natHist_p_16879,The 3D Natural History Digital Collection,16879,,,trackways,aat,300379470,,,,,,,"Walter, D",personal,collectors,aat,300025234,,,,,,1927,,,discovery,,1927,,,,,,,Paleontology,descriptiveTopic,lcsh,sh 85097123,Texas,discovery,72032,other (locality number),University of Colorado Boulder Museum of Natural History,,,,,,,,,,,,,,,,,,,,Fossil track of an amphibian,,,,,"The copyright and related rights status of this Item has been reviewed by the organization that has made the Item available, but the organization was unable to make a conclusive determination as to the copyright status of the Item. Please refer to the organization that has made the Item available for more information. You are free to use this Item in any way that is permitted by the copyright and related rights legislation that applies to your use. http://rightsstatements.org/vocab/UND/1.0/",,"Mulcrone, Patrick",personal,scanning technician,digital image,Paleozoic,Paleozoic,Permian,Permian,,,,,,,Permian 251-290 mya,,,Amphibia,Amphibian,Animalia;Chordata;Tetrapoda;Amphibia,1094121,,musm_natHist_p_16879.jpg|musm_natHist_p_16879.jpg
musm_natHist_p_45572,The 3D Natural History Digital Collection,45572,84,,,,,,,,,,,"Hazeltine, Sonny",personal,collectors,aat,300025234,,,,,,1976,,,discovery,,1976,,,,,,,Paleontology,descriptiveTopic,lcsh,sh 85097123,"Desoto county, FL",discovery,89029,other (locality number),University of Colorado Boulder Museum of Natural History,,,,,,,,,,,,,,,,,,,,scutes,,,,,"The copyright and related rights status of this Item has been reviewed by the organization that has made the Item available, but the organization was unable to make a conclusive determination as to the copyright status of the Item. Please refer to the organization that has made the Item available for more information. You are free to use this Item in any way that is permitted by the copyright and related rights legislation that applies to your use. http://rightsstatements.org/vocab/UND/1.0/",,"Mulcrone, Patrick",personal,scanning technician,digital image,Cenozoic,Cenozoic,Quaternary,Quaternary,Pleistocene,Pleistocene,Rancholabrean,Rancholabrean,,,"Pleistocene 10,000 - 1,500,000 bp",,,Glyptotherium,Giant armadillo-like herbivore,Animalia;Chordata;Mammalia;Xenarthra;Glyptodontidae;Glyptotherium,1094483,,musm_natHist_p_45572.jpg|musm_natHist_p_45572.jpg
musm_natHist_p_18558,The 3D Natural History Digital Collection,18558,904,,,,,,,,,,,"Movley, M.",personal,collectors,aat,300025234,,,,,,unknown/1950,,,discovery,,unknown/1950,,,,,,,Paleontology,descriptiveTopic,lcsh,sh 85097123,"Wabash county, IL",discovery,70144,other (locality number),University of Colorado Boulder Museum of Natural History,,,,,,,,,,,,,,,,,,,,tooth,,,,,"The copyright and related rights status of this Item has been reviewed by the organization that has made the Item available, but the organization was unable to make a conclusive determination as to the copyright status of the Item. Please refer to the organization that has made the Item available for more information. You are free to use this Item in any way that is permitted by the copyright and related rights legislation that applies to your use. http://rightsstatements.org/vocab/UND/1.0/",,"Mulcrone, Patrick",personal,scanning technician,digital image,Cenozoic,Cenozoic,Quaternary,Quaternary,Pleistocene,Pleistocene,Rancholabrean,Rancholabrean,,,"Pleistocene 10,000 - 1,500,000 bp",,,Mammut americanum,American mammoth,Animalia;Chordata;Mammalia;Proboscidea;Mammutidae;Mammut,1094443,,musm_natHist_p_18558.jpg|musm_natHist_p_18558.jpg
musm_natHist_p_39242,The 3D Natural History Digital Collection,39242,135,,,,,,,,,,,,,,,,,,,,,unknown/1980,,,discovery,,unknown/1980,,,,,,,Paleontology,descriptiveTopic,lcsh,sh 85097123,"Burgos, Castilla y Len, Spain",discovery,77294,other (locality number),University of Colorado Boulder Museum of Natural History,,,,,,,,,,,,,,,,,,,,tooth,,,,,"The copyright and related rights status of this Item has been reviewed by the organization that has made the Item available, but the organization was unable to make a conclusive determination as to the copyright status of the Item. Please refer to the organization that has made the Item available for more information. You are free to use this Item in any way that is permitted by the copyright and related rights legislation that applies to your use. http://rightsstatements.org/vocab/UND/1.0/",,"Mulcrone, Patrick",personal,scanning technician,digital image,Cenozoic,Cenozoic,Quaternary,Quaternary,Pleistocene,Pleistocene,Rancholabrean,Rancholabrean,cave deposits,,"Pleistocene 10,000 - 1,500,000 bp",,,Ursus deningeri,Cave bear,Animalia;Chordata;Mammalia;Carnivora;Ursidae;Ursus,1094283,,musm_natHist_p_39242.jpg|musm_natHist_p_39242.jpg
musm_natHist_p_45568,The 3D Natural History Digital Collection,45568,84,,,,,,,,,,,"Hazeltine, Sonny",personal,collectors,aat,300025234,,,,,,1976,,,discovery,,1976,,,,,,,Paleontology,descriptiveTopic,lcsh,sh 85097123,"DeSoto county, FL",discovery,89029,other (locality number),University of Colorado Boulder Museum of Natural History,,,,,,,,,,,,,,,,,,,,tooth,,,,,"The copyright and related rights status of this Item has been reviewed by the organization that has made the Item available, but the organization was unable to make a conclusive determination as to the copyright status of the Item. Please refer to the organization that has made the Item available for more information. You are free to use this Item in any way that is permitted by the copyright and related rights legislation that applies to your use. http://rightsstatements.org/vocab/UND/1.0/",,"Mulcrone, Patrick",personal,scanning technician,digital image,Cenozoic,Cenozoic,Quaternary,Quaternary,Pleistocene,Pleistocene,Rancholabrean,Rancholabrean,,,"Pleistocene 10,000 - 1,500,000 bp",,,Equus conversidens,Horse,Animalia;Chordata;Mammalia;Perissodactyla;Equidae;Equus,1094326,,musm_natHist_p_45568.jpg|musm_natHist_p_45568.jpg
musm_natHist_p_20361,The 3D Natural History Digital Collection,20361,904,,,,,,,,,,,"Fowkes, RW",personal,collectors,aat,300025234,,,,,,1950,,,discovery,,1950,,,,,,,Paleontology,descriptiveTopic,lcsh,sh 85097123,Nebraska,discovery,71073,other (locality number),University of Colorado Boulder Museum of Natural History,,,,,,,,,,,,,,,,,,,,tooth,,,,,"The copyright and related rights status of this Item has been reviewed by the organization that has made the Item available, but the organization was unable to make a conclusive determination as to the copyright status of the Item. Please refer to the organization that has made the Item available for more information. You are free to use this Item in any way that is permitted by the copyright and related rights legislation that applies to your use. http://rightsstatements.org/vocab/UND/1.0/",,"Mulcrone, Patrick",personal,scanning technician,digital image,Cenozoic,Cenozoic,Quaternary,Quaternary,Pleistocene,Pleistocene,Rancholabrean,Rancholabrean,Alluvium formation,,"Pleistocene 10,000 - 1,500,000 bp",,,Mammuthus columbi,Columbian mammoth,Animalia;Chordata;Mammalia;Proboscidea;Elephantidae;Mammuthus,1094150,,musm_natHist_p_20361.jpg|musm_natHist_p_20361.jpg
musm_natHist_p_27295,The 3D Natural History Digital Collection,27295,832,,,,,,,,,,,"Weber, Linna",personal,collectors,aat,300025234,,,,,,1964,,,discovery,,1964,,,,,,,Paleontology,descriptiveTopic,lcsh,sh 85097123,"Grand county, CO",discovery,77022,other (locality number),University of Colorado Boulder Museum of Natural History,,,,,,,,,,,,,,,,,,,,skull,,,,,"The copyright and related rights status of this Item has been reviewed by the organization that has made the Item available, but the organization was unable to make a conclusive determination as to the copyright status of the Item. Please refer to the organization that has made the Item available for more information. You are free to use this Item in any way that is permitted by the copyright and related rights legislation that applies to your use. http://rightsstatements.org/vocab/UND/1.0/",,"Mulcrone, Patrick",personal,scanning technician,digital image,Cenozoic,Cenozoic,Neogene,Neogene,Miocene,Miocene,Hemingfordian,Barstovian,Troublesome formation,Barger Gulch member,,,Troublesome Fm. Miocene 9-14 mya,Anchitherium,Early horse,Animalia;Chordata;Mammalia;Perissodactyla;Equidae;Anchitherium,1094383,,
musm_natHist_p_36624,The 3D Natural History Digital Collection,36624,874,,,,,,,,,,,UCM crew,other,collectors,aat,300025234,,,,,,1966,,,discovery,,1966,,,,,,,Paleontology,descriptiveTopic,lcsh,sh 85097123,"Knox county, NE",discovery,84016,other (locality number),University of Colorado Boulder Museum of Natural History,,,,,,,,,,,,,,,,,,,,mandible,,,,,"The copyright and related rights status of this Item has been reviewed by the organization that has made the Item available, but the organization was unable to make a conclusive determination as to the copyright status of the Item. Please refer to the organization that has made the Item available for more information. You are free to use this Item in any way that is permitted by the copyright and related rights legislation that applies to your use. http://rightsstatements.org/vocab/UND/1.0/",,"Mulcrone, Patrick",personal,scanning technician,digital image,Cenozoic,Cenozoic,Neogene,Neogene,Miocene,Miocene,Clarendonian,Clarendonian,Valentine formation,,Valentine Fm. Miocene 12-14 mya,,,Merychippus,Early horse,Animalia;Chordata;Mammalia;Perissodactyla;Equidae;Merychippus,1094269,,musm_natHist_p_36624.jpg|musm_natHist_p_36624.jpg
musm_natHist_p_38029,The 3D Natural History Digital Collection,38029,874,,,,,,,,,,,UCM crew,other,collectors,aat,300025234,,,,,,1966,,,discovery,,1966,,,,,,,Paleontology,descriptiveTopic,lcsh,sh 85097123,"Knox county, NE",discovery,84016,other (locality number),University of Colorado Boulder Museum of Natural History,,,,,,,,,,,,,,,,,,,,skull,,,,,"The copyright and related rights status of this Item has been reviewed by the organization that has made the Item available, but the organization was unable to make a conclusive determination as to the copyright status of the Item. Please refer to the organization that has made the Item available for more information. You are free to use this Item in any way that is permitted by the copyright and related rights legislation that applies to your use. http://rightsstatements.org/vocab/UND/1.0/",,"Mulcrone, Patrick",personal,scanning technician,digital image,Cenozoic,Cenozoic,Neogene,Neogene,Miocene,Miocene,Clarendonian,Clarendonian,Valentine formation,,Valentine Fm. Miocene 12-14 mya,,,Merycodus warreni,Antelope-like herbivore,Animalia;Chordata;Mammalia;Artiodactyla;Antilocapridae;Merycodus,1094369,,musm_natHist_p_38029.jpg|musm_natHist_p_38029.jpg
musm_natHist_p_31611,The 3D Natural History Digital Collection,31611,874,,,,,,,,,,,UCM crew,other,collectors,aat,300025234,,,,,,1966,,,discovery,,1966,,,,,,,Paleontology,descriptiveTopic,lcsh,sh 85097123,"Knox county, NE",discovery,84016,other (locality number),University of Colorado Boulder Museum of Natural History,,,,,,,,,,,,,,,,,,,,mandible,,,,,"The copyright and related rights status of this Item has been reviewed by the organization that has made the Item available, but the organization was unable to make a conclusive determination as to the copyright status of the Item. Please refer to the organization that has made the Item available for more information. You are free to use this Item in any way that is permitted by the copyright and related rights legislation that applies to your use. http://rightsstatements.org/vocab/UND/1.0/",,"Mulcrone, Patrick",personal,scanning technician,digital image,Cenozoic,Cenozoic,Neogene,Neogene,Miocene,Miocene,Clarendonian,Clarendonian,Valentine formation,,Valentine Fm. Miocene 12-14 mya,,,Hypohippus affinis,Early Horse,Animalia;Chordata;Mammalia;Perissodactyla;Equidae;Hypohippus,1094136,,musm_natHist_p_31611a.jpg|musm_natHist_p_31611a.jpg
musm_natHist_p_20480,The 3D Natural History Digital Collection,20480,649,,,,,,,,,,,"Mellinger, James",personal,collectors,aat,300025234,,,,,,unknown/1950,,,discovery,,unknown/1950,,,,,,,Paleontology,descriptiveTopic,lcsh,sh 85097123,"Weld county, CO",discovery,80017,other (locality number),University of Colorado Boulder Museum of Natural History,,,,,,,,,,,,,,,,,,,,maxilla,,,,,"The copyright and related rights status of this Item has been reviewed by the organization that has made the Item available, but the organization was unable to make a conclusive determination as to the copyright status of the Item. Please refer to the organization that has made the Item available for more information. You are free to use this Item in any way that is permitted by the copyright and related rights legislation that applies to your use. http://rightsstatements.org/vocab/UND/1.0/",,"Mulcrone, Patrick",personal,scanning technician,digital image,Cenozoic,Cenozoic,Paleogene,Paleogene,Eocene,Eocene,Chadronian,Chadronian,White River formation,Horsetail Creek member,,,White River Fm. Eocene 34-38 mya,Archaeotherium,Pig-like omnivore,Animalia;Chordata;Mammalia;Artiodactyla;Entelodontidae;Archaeotherium,1094398,,musm_natHist_p_20480.jpg|musm_natHist_p_20480.jpg
musm_natHist_p_43662,The 3D Natural History Digital Collection,43662,496,,,,,,,,,,,"Maxson, Asa",personal,collectors,aat,300025234,,,,,,unknown/1950,,,discovery,,unknown/1950,,,,,,,Paleontology,descriptiveTopic,lcsh,sh 85097123,"Weld county, CO",discovery,78099,other (locality number),University of Colorado Boulder Museum of Natural History,,,,,,,,,,,,,,,,,,,,skull and mandible,,,,,"The copyright and related rights status of this Item has been reviewed by the organization that has made the Item available, but the organization was unable to make a conclusive determination as to the copyright status of the Item. Please refer to the organization that has made the Item available for more information. You are free to use this Item in any way that is permitted by the copyright and related rights legislation that applies to your use. http://rightsstatements.org/vocab/UND/1.0/",,"Mulcrone, Patrick",personal,scanning technician,digital image,Cenozoic,Cenozoic,Paleogene,Paleogene,Oligocene,Oligocene,Orellan,Orellan,White River formation,Cedar Creek member,,,White River Fm. Oligocene 30-34 mya,Palaeolagus,Early rabbit,Animalia;Chordata;Mammalia;Lagomorpha;Leporidae;Palaeolagus,1094296,,musm_natHist_p_43662.jpg|musm_natHist_p_43662.jpg
musm_natHist_p_19160,The 3D Natural History Digital Collection,19160,496,,,,,,,,,,,"Maxson, Asa",personal,collectors,aat,300025234,,,,,,1939,,,discovery,,1939,,,,,,,Paleontology,descriptiveTopic,lcsh,sh 85097123,"Weld county, CO",discovery,80028,other (locality number),University of Colorado Boulder Museum of Natural History,,,,,,,,,,,,,,,,,,,,skull,,,,,"The copyright and related rights status of this Item has been reviewed by the organization that has made the Item available, but the organization was unable to make a conclusive determination as to the copyright status of the Item. Please refer to the organization that has made the Item available for more information. You are free to use this Item in any way that is permitted by the copyright and related rights legislation that applies to your use. http://rightsstatements.org/vocab/UND/1.0/",,"Mulcrone, Patrick",personal,scanning technician,digital image,Cenozoic,Cenozoic,Paleogene,Paleogene,Oligocene,Oligocene,Orellan,Orellan,White River formation,Cedar Creek member,,,White River Fm. Oligocene 30-34 mya,Hoplophoneus,Cat-like carnivore,Animalia;Chordata;Mammalia;Carnivora;Nimravidae;Hoplophoneus,1094164,,musm_natHist_p_19160.jpg|musm_natHist_p_19160.jpg
musm_natHist_p_43667,The 3D Natural History Digital Collection,43667,496,,,,,,,,,,,"Maxson, Asa",personal,collectors,aat,300025234,,,,,,unknown/1950,,,discovery,,unknown/1950,,,,,,,Paleontology,descriptiveTopic,lcsh,sh 85097123,"Weld county, CO",discovery,80028,other (locality number),University of Colorado Boulder Museum of Natural History,,,,,,,,,,,,,,,,,,,,dentary,,,,,"The copyright and related rights status of this Item has been reviewed by the organization that has made the Item available, but the organization was unable to make a conclusive determination as to the copyright status of the Item. Please refer to the organization that has made the Item available for more information. You are free to use this Item in any way that is permitted by the copyright and related rights legislation that applies to your use. http://rightsstatements.org/vocab/UND/1.0/",,"Mulcrone, Patrick",personal,scanning technician,digital image,Cenozoic,Cenozoic,Paleogene,Paleogene,Oligocene,Oligocene,Orellan,Orellan,White River formation,Cedar Creek member,,,White River Fm. Oligocene 30-34 mya,Merycoidodon gracilis,Sheep-like Herbivore,Animalia;Chordata;Mammalia;Artiodactyla;Oreodontidae;Merycoidodon,1094311,,musm_natHist_p_43667.jpg|musm_natHist_p_43667.jpg
musm_natHist_p_19409,The 3D Natural History Digital Collection,19409,822,,,,,,,,,,,"Wilson, Robert W.",personal,collectors,aat,300025234,,,,,,1940,,,discovery,,1940,,,,,,,Paleontology,descriptiveTopic,lcsh,sh 85097123,"Bighorn county, WY",discovery,69086,other (locality number),University of Colorado Boulder Museum of Natural History,,,,,,,,,,,,,,,,,,,,"dentary, right",,,,,"The copyright and related rights status of this Item has been reviewed by the organization that has made the Item available, but the organization was unable to make a conclusive determination as to the copyright status of the Item. Please refer to the organization that has made the Item available for more information. You are free to use this Item in any way that is permitted by the copyright and related rights legislation that applies to your use. http://rightsstatements.org/vocab/UND/1.0/",,"Mulcrone, Patrick",personal,scanning technician,digital image,Cenozoic,Cenozoic,Paleogene,Paleogene,Eocene,Eocene,Wasatchian,Wasatchian,Willwood formation,,Willwood Fm. Eocene 51-55 mya,,,Hyracotherium borealis,Three-toed horse,Animalia;Chordata;Mammalia;Perissodactyla;Equidae;Hyracotherium,1094255,,musm_natHist_p_19409.jpg|musm_natHist_p_19409.jpg
musm_natHist_p_39254,The 3D Natural History Digital Collection,39254,950,,,,,,,,,,,"Carpenter, Kenneth",personal,collectors,aat,300025234,,,,,,1977,,,discovery,,1977,,,,,,,Paleontology,descriptiveTopic,lcsh,sh 85097123,"Beaufort county, NC",discovery,77229,other (locality number),University of Colorado Boulder Museum of Natural History,,,,,,,,,,,,,,,,,,,,tooth,,,,,"The copyright and related rights status of this Item has been reviewed by the organization that has made the Item available, but the organization was unable to make a conclusive determination as to the copyright status of the Item. Please refer to the organization that has made the Item available for more information. You are free to use this Item in any way that is permitted by the copyright and related rights legislation that applies to your use. http://rightsstatements.org/vocab/UND/1.0/",,"Mulcrone, Patrick",personal,scanning technician,digital image,Cenozoic,Cenozoic,Neogene,Neogene,Pliocene,Pliocene,Blancan,Blancan,Yorktown formation,,Yorktown Fm. Pliocene 1.5 - 5 mya,,,Carcharhinus megalodon,Giant shark,Animalia;Chordata;Chondrichthyes;Galeomorpha;Carcharhinidae;Carcharhinus,1094469,,musm_natHist_p_39254.jpg|musm_natHist_p_39254.jpg
